k,mag,ang,re,im
1.000000e+00,2.983466e+00,8.929322e+01,3.680209e-02,2.983239e+00
2.000000e+00,2.983466e+00,-8.929322e+01,3.680209e-02,-2.983239e+00
3.000000e+00,1.000000e-01,1.800000e+02,-1.000000e-01,0.000000e+00
4.000000e+00,1.891816e-01,1.800000e+02,-1.891816e-01,0.000000e+00
5.000000e+00,9.503019e-01,1.800000e+02,-9.503019e-01,0.000000e+00
6.000000e+00,2.114955e+00,1.267366e+02,-1.265032e+00,1.694913e+00
7.000000e+00,2.114955e+00,-1.267366e+02,-1.265032e+00,-1.694913e+00
8.000000e+00,1.388424e+00,1.800000e+02,-1.388424e+00,0.000000e+00
9.000000e+00,1.939625e+00,1.800000e+02,-1.939625e+00,0.000000e+00
1.000000e+01,1.014794e+01,1.800000e+02,-1.014794e+01,0.000000e+00
1.100000e+01,2.999540e+00,9.062566e+01,-3.275364e-02,2.999361e+00
1.200000e+01,2.999540e+00,-9.062566e+01,-3.275364e-02,-2.999361e+00
1.300000e+01,1.000784e-01,1.800000e+02,-1.000784e-01,0.000000e+00
1.400000e+01,1.891534e-01,1.800000e+02,-1.891534e-01,0.000000e+00
1.500000e+01,9.503016e-01,1.800000e+02,-9.503016e-01,0.000000e+00
1.600000e+01,2.109116e+00,1.259899e+02,-1.239408e+00,1.706529e+00
1.700000e+01,2.109116e+00,-1.259899e+02,-1.239408e+00,-1.706529e+00
1.800000e+01,1.389261e+00,1.800000e+02,-1.389261e+00,0.000000e+00
1.900000e+01,1.939623e+00,1.800000e+02,-1.939623e+00,0.000000e+00
2.000000e+01,1.015075e+01,1.800000e+02,-1.015075e+01,0.000000e+00
2.100000e+01,1.001571e-01,1.800000e+02,-1.001571e-01,0.000000e+00
2.200000e+01,3.018090e+00,9.198883e+01,-1.047416e-01,3.016272e+00
2.300000e+01,3.018090e+00,-9.198883e+01,-1.047416e-01,-3.016272e+00
2.400000e+01,1.891251e-01,1.800000e+02,-1.891251e-01,0.000000e+00
2.500000e+01,9.503014e-01,1.800000e+02,-9.503014e-01,0.000000e+00
2.600000e+01,2.101725e+00,1.252117e+02,-1.211852e+00,1.717167e+00
2.700000e+01,2.101725e+00,-1.252117e+02,-1.211852e+00,-1.717167e+00
2.800000e+01,1.390098e+00,1.800000e+02,-1.390098e+00,0.000000e+00
2.900000e+01,1.939621e+00,1.800000e+02,-1.939621e+00,0.000000e+00
3.000000e+01,1.015367e+01,1.800000e+02,-1.015367e+01,0.000000e+00
3.100000e+01,1.002360e-01,1.800000e+02,-1.002360e-01,0.000000e+00
3.200000e+01,3.039654e+00,9.338082e+01,-1.792550e-01,3.034364e+00
3.300000e+01,3.039654e+00,-9.338082e+01,-1.792550e-01,-3.034364e+00
3.400000e+01,1.890967e-01,1.800000e+02,-1.890967e-01,0.000000e+00
3.500000e+01,9.503011e-01,1.800000e+02,-9.503011e-01,0.000000e+00
3.600000e+01,2.092461e+00,1.244038e+02,-1.182287e+00,1.726439e+00
3.700000e+01,2.092461e+00,-1.244038e+02,-1.182287e+00,-1.726439e+00
3.800000e+01,1.390934e+00,1.800000e+02,-1.390934e+00,0.000000e+00
3.900000e+01,1.939619e+00,1.800000e+02,-1.939619e+00,0.000000e+00
4.000000e+01,1.015671e+01,1.800000e+02,-1.015671e+01,0.000000e+00
4.100000e+01,1.003151e-01,1.800000e+02,-1.003151e-01,0.000000e+00
4.200000e+01,1.890680e-01,1.800000e+02,-1.890680e-01,0.000000e+00
4.300000e+01,3.064858e+00,9.479701e+01,-2.563013e-01,3.054123e+00
4.400000e+01,3.064858e+00,-9.479701e+01,-2.563013e-01,-3.054123e+00
4.500000e+01,9.503008e-01,1.800000e+02,-9.503008e-01,0.000000e+00
4.600000e+01,2.080972e+00,1.235711e+02,-1.150718e+00,1.733866e+00
4.700000e+01,2.080972e+00,-1.235711e+02,-1.150718e+00,-1.733866e+00
4.800000e+01,1.391771e+00,1.800000e+02,-1.391771e+00,0.000000e+00
4.900000e+01,1.939617e+00,1.800000e+02,-1.939617e+00,0.000000e+00
5.000000e+01,1.015988e+01,1.800000e+02,-1.015988e+01,0.000000e+00
5.100000e+01,1.003945e-01,1.800000e+02,-1.003945e-01,0.000000e+00
5.200000e+01,1.890393e-01,1.800000e+02,-1.890393e-01,0.000000e+00
5.300000e+01,3.094375e+00,9.622896e+01,-3.357456e-01,3.076106e+00
5.400000e+01,3.094375e+00,-9.622896e+01,-3.357456e-01,-3.076106e+00
5.500000e+01,9.503006e-01,1.800000e+02,-9.503006e-01,0.000000e+00
5.600000e+01,2.066905e+00,1.227222e+02,-1.117298e+00,1.738891e+00
5.700000e+01,2.066905e+00,-1.227222e+02,-1.117298e+00,-1.738891e+00
5.800000e+01,1.392607e+00,1.800000e+02,-1.392607e+00,0.000000e+00
5.900000e+01,1.939615e+00,1.800000e+02,-1.939615e+00,0.000000e+00
6.000000e+01,1.016317e+01,1.800000e+02,-1.016317e+01,0.000000e+00
6.100000e+01,1.004742e-01,1.800000e+02,-1.004742e-01,0.000000e+00
6.200000e+01,1.890104e-01,1.800000e+02,-1.890104e-01,0.000000e+00
6.300000e+01,3.128845e+00,9.766352e+01,-4.172478e-01,3.100899e+00
6.400000e+01,3.128845e+00,-9.766352e+01,-4.172478e-01,-3.100899e+00
6.500000e+01,9.503003e-01,1.800000e+02,-9.503003e-01,0.000000e+00
6.600000e+01,2.049977e+00,1.218702e+02,-1.082381e+00,1.740936e+00
6.700000e+01,2.049977e+00,-1.218702e+02,-1.082381e+00,-1.740936e+00
6.800000e+01,1.393443e+00,1.800000e+02,-1.393443e+00,0.000000e+00
6.900000e+01,1.939613e+00,1.800000e+02,-1.939613e+00,0.000000e+00
7.000000e+01,1.016661e+01,1.800000e+02,-1.016661e+01,0.000000e+00
7.100000e+01,1.005542e-01,1.800000e+02,-1.005542e-01,0.000000e+00
7.200000e+01,1.889813e-01,1.800000e+02,-1.889813e-01,0.000000e+00
7.300000e+01,3.168742e+00,9.908283e+01,-5.002243e-01,3.129009e+00
7.400000e+01,3.168742e+00,-9.908283e+01,-5.002243e-01,-3.129009e+00
7.500000e+01,9.503000e-01,1.800000e+02,-9.503000e-01,0.000000e+00
7.600000e+01,2.030063e+00,1.210333e+02,-1.046569e+00,1.739496e+00
7.700000e+01,2.030063e+00,-1.210333e+02,-1.046569e+00,-1.739496e+00
7.800000e+01,1.394278e+00,1.800000e+02,-1.394278e+00,0.000000e+00
7.900000e+01,1.939610e+00,1.800000e+02,-1.939610e+00,0.000000e+00
8.000000e+01,1.017019e+01,1.800000e+02,-1.017019e+01,0.000000e+00
8.100000e+01,1.006344e-01,1.800000e+02,-1.006344e-01,0.000000e+00
8.200000e+01,1.889520e-01,1.800000e+02,-1.889520e-01,0.000000e+00
8.300000e+01,3.214208e+00,1.004661e+02,-5.838741e-01,3.160732e+00
8.400000e+01,3.214208e+00,-1.004661e+02,-5.838741e-01,-3.160732e+00
8.500000e+01,9.502998e-01,1.800000e+02,-9.502998e-01,0.000000e+00
8.600000e+01,2.007288e+00,1.202322e+02,-1.010681e+00,1.734281e+00
8.700000e+01,2.007288e+00,-1.202322e+02,-1.010681e+00,-1.734281e+00
8.800000e+01,1.395113e+00,1.800000e+02,-1.395113e+00,0.000000e+00
8.900000e+01,1.939608e+00,1.800000e+02,-1.939608e+00,0.000000e+00
9.000000e+01,1.017393e+01,1.800000e+02,-1.017393e+01,0.000000e+00
9.100000e+01,1.007148e-01,1.800000e+02,-1.007148e-01,0.000000e+00
9.200000e+01,1.889227e-01,1.800000e+02,-1.889227e-01,0.000000e+00
9.300000e+01,3.264959e+00,1.017933e+02,-6.672976e-01,3.196040e+00
9.400000e+01,3.264959e+00,-1.017933e+02,-6.672976e-01,-3.196040e+00
9.500000e+01,9.502995e-01,1.800000e+02,-9.502995e-01,0.000000e+00
9.600000e+01,1.982069e+00,1.194873e+02,-9.756343e-01,1.725322e+00
9.700000e+01,1.982069e+00,-1.194873e+02,-9.756343e-01,-1.725322e+00
9.800000e+01,1.395948e+00,1.800000e+02,-1.395948e+00,0.000000e+00
9.900000e+01,1.939606e+00,1.800000e+02,-1.939606e+00,0.000000e+00
1.000000e+02,1.017785e+01,1.800000e+02,-1.017785e+01,0.000000e+00
1.010000e+02,1.007956e-01,1.800000e+02,-1.007956e-01,0.000000e+00
1.020000e+02,1.888931e-01,1.800000e+02,-1.888931e-01,0.000000e+00
1.030000e+02,3.320302e+00,1.030491e+02,-7.496758e-01,3.234562e+00
1.040000e+02,3.320302e+00,-1.030491e+02,-7.496758e-01,-3.234562e+00
1.050000e+02,1.955050e+00,1.188139e+02,-9.422684e-01,1.712995e+00
1.060000e+02,1.955050e+00,-1.188139e+02,-9.422684e-01,-1.712995e+00
1.070000e+02,9.502992e-01,1.800000e+02,-9.502992e-01,0.000000e+00
1.080000e+02,1.396783e+00,1.800000e+02,-1.396783e+00,0.000000e+00
1.090000e+02,1.939604e+00,1.800000e+02,-1.939604e+00,0.000000e+00
1.100000e+02,1.018194e+01,1.800000e+02,-1.018194e+01,0.000000e+00
1.110000e+02,1.008765e-01,1.800000e+02,-1.008765e-01,0.000000e+00
1.120000e+02,1.888634e-01,1.800000e+02,-1.888634e-01,0.000000e+00
1.130000e+02,3.379300e+00,1.042255e+02,-8.304236e-01,3.275678e+00
1.140000e+02,3.379300e+00,-1.042255e+02,-8.304236e-01,-3.275678e+00
1.150000e+02,1.926969e+00,1.182202e+02,-9.111890e-01,1.697923e+00
1.160000e+02,1.926969e+00,-1.182202e+02,-9.111890e-01,-1.697923e+00
1.170000e+02,9.502990e-01,1.800000e+02,-9.502990e-01,0.000000e+00
1.180000e+02,1.397617e+00,1.800000e+02,-1.397617e+00,0.000000e+00
1.190000e+02,1.939602e+00,1.800000e+02,-1.939602e+00,0.000000e+00
1.200000e+02,1.018623e+01,1.800000e+02,-1.018623e+01,0.000000e+00
1.210000e+02,1.009578e-01,1.800000e+02,-1.009578e-01,0.000000e+00
1.220000e+02,1.888335e-01,1.800000e+02,-1.888335e-01,0.000000e+00
1.230000e+02,1.898512e+00,1.177069e+02,-8.827113e-01,1.680824e+00
1.240000e+02,1.898512e+00,-1.177069e+02,-8.827113e-01,-1.680824e+00
1.250000e+02,3.440979e+00,1.053219e+02,-9.092475e-01,3.318675e+00
1.260000e+02,3.440979e+00,-1.053219e+02,-9.092475e-01,-3.318675e+00
1.270000e+02,9.502987e-01,1.800000e+02,-9.502987e-01,0.000000e+00
1.280000e+02,1.398450e+00,1.800000e+02,-1.398450e+00,0.000000e+00
1.290000e+02,1.939600e+00,1.800000e+02,-1.939600e+00,0.000000e+00
1.300000e+02,1.019074e+01,1.800000e+02,-1.019074e+01,0.000000e+00
1.310000e+02,1.010393e-01,1.800000e+02,-1.010393e-01,0.000000e+00
1.320000e+02,1.888035e-01,1.800000e+02,-1.888035e-01,0.000000e+00
1.330000e+02,1.870229e+00,1.172695e+02,-8.568958e-01,1.662374e+00
1.340000e+02,1.870229e+00,-1.172695e+02,-8.568958e-01,-1.662374e+00
1.350000e+02,9.502984e-01,1.800000e+02,-9.502984e-01,0.000000e+00
1.360000e+02,3.504482e+00,1.063429e+02,-9.861103e-01,3.362882e+00
1.370000e+02,3.504482e+00,-1.063429e+02,-9.861103e-01,-3.362882e+00
1.380000e+02,1.399284e+00,1.800000e+02,-1.399284e+00,0.000000e+00
1.390000e+02,1.939598e+00,1.800000e+02,-1.939598e+00,0.000000e+00
1.400000e+02,1.019546e+01,1.800000e+02,-1.019546e+01,0.000000e+00
1.410000e+02,1.011211e-01,1.800000e+02,-1.011211e-01,0.000000e+00
1.420000e+02,1.887733e-01,1.800000e+02,-1.887733e-01,0.000000e+00
1.430000e+02,1.842505e+00,1.169006e+02,-8.336290e-01,1.643133e+00
1.440000e+02,1.842505e+00,-1.169006e+02,-8.336290e-01,-1.643133e+00
1.450000e+02,9.502982e-01,1.800000e+02,-9.502982e-01,0.000000e+00
1.460000e+02,3.569139e+00,1.072963e+02,-1.061150e+00,3.407743e+00
1.470000e+02,3.569139e+00,-1.072963e+02,-1.061150e+00,-3.407743e+00
1.480000e+02,1.400117e+00,1.800000e+02,-1.400117e+00,0.000000e+00
1.490000e+02,1.939596e+00,1.800000e+02,-1.939596e+00,0.000000e+00
1.500000e+02,1.020043e+01,1.800000e+02,-1.020043e+01,0.000000e+00
1.510000e+02,1.012032e-01,1.800000e+02,-1.012032e-01,0.000000e+00
1.520000e+02,1.887429e-01,1.800000e+02,-1.887429e-01,0.000000e+00
1.530000e+02,1.815583e+00,1.165915e+02,-8.127036e-01,1.623531e+00
1.540000e+02,1.815583e+00,-1.165915e+02,-8.127036e-01,-1.623531e+00
1.550000e+02,9.502979e-01,1.800000e+02,-9.502979e-01,0.000000e+00
1.560000e+02,3.634470e+00,1.081905e+02,-1.134598e+00,3.452833e+00
1.570000e+02,3.634470e+00,-1.081905e+02,-1.134598e+00,-3.452833e+00
1.580000e+02,1.400949e+00,1.800000e+02,-1.400949e+00,0.000000e+00
1.590000e+02,1.939594e+00,1.800000e+02,-1.939594e+00,0.000000e+00
1.600000e+02,1.020567e+01,1.800000e+02,-1.020567e+01,0.000000e+00
1.610000e+02,1.012856e-01,1.800000e+02,-1.012856e-01,0.000000e+00
1.620000e+02,1.887124e-01,1.800000e+02,-1.887124e-01,0.000000e+00
1.630000e+02,1.789595e+00,1.163342e+02,-7.938767e-01,1.603874e+00
1.640000e+02,1.789595e+00,-1.163342e+02,-7.938767e-01,-1.603874e+00
1.650000e+02,9.502976e-01,1.800000e+02,-9.502976e-01,0.000000e+00
1.660000e+02,3.700156e+00,1.090340e+02,-1.206727e+00,3.497851e+00
1.670000e+02,3.700156e+00,-1.090340e+02,-1.206727e+00,-3.497851e+00
1.680000e+02,1.401781e+00,1.800000e+02,-1.401781e+00,0.000000e+00
1.690000e+02,1.939592e+00,1.800000e+02,-1.939592e+00,0.000000e+00
1.700000e+02,1.021118e+01,1.800000e+02,-1.021118e+01,0.000000e+00
1.710000e+02,1.013682e-01,1.800000e+02,-1.013682e-01,0.000000e+00
1.720000e+02,1.886817e-01,1.800000e+02,-1.886817e-01,0.000000e+00
1.730000e+02,1.764602e+00,1.161212e+02,-7.769046e-01,1.584374e+00
1.740000e+02,1.764602e+00,-1.161212e+02,-7.769046e-01,-1.584374e+00
1.750000e+02,9.502974e-01,1.800000e+02,-9.502974e-01,0.000000e+00
1.760000e+02,3.765998e+00,1.098343e+02,-1.277807e+00,3.542591e+00
1.770000e+02,3.765998e+00,-1.098343e+02,-1.277807e+00,-3.542591e+00
1.780000e+02,1.402612e+00,1.800000e+02,-1.402612e+00,0.000000e+00
1.790000e+02,1.939590e+00,1.800000e+02,-1.939590e+00,0.000000e+00
1.800000e+02,1.021701e+01,1.800000e+02,-1.021701e+01,0.000000e+00
1.810000e+02,1.014511e-01,1.800000e+02,-1.014511e-01,0.000000e+00
1.820000e+02,1.886508e-01,1.800000e+02,-1.886508e-01,0.000000e+00
1.830000e+02,1.740613e+00,1.159460e+02,-7.615606e-01,1.565170e+00
1.840000e+02,1.740613e+00,-1.159460e+02,-7.615606e-01,-1.565170e+00
1.850000e+02,9.502971e-01,1.800000e+02,-9.502971e-01,0.000000e+00
1.860000e+02,3.831884e+00,1.105981e+02,-1.348097e+00,3.586916e+00
1.870000e+02,3.831884e+00,-1.105981e+02,-1.348097e+00,-3.586916e+00
1.880000e+02,1.403443e+00,1.800000e+02,-1.403443e+00,0.000000e+00
1.890000e+02,1.939588e+00,1.800000e+02,-1.939588e+00,0.000000e+00
1.900000e+02,1.022317e+01,1.800000e+02,-1.022317e+01,0.000000e+00
1.910000e+02,1.015343e-01,1.800000e+02,-1.015343e-01,0.000000e+00
1.920000e+02,1.886197e-01,1.800000e+02,-1.886197e-01,0.000000e+00
1.930000e+02,1.717607e+00,1.158032e+02,-7.476421e-01,1.546352e+00
1.940000e+02,1.717607e+00,-1.158032e+02,-7.476421e-01,-1.546352e+00
1.950000e+02,9.502968e-01,1.800000e+02,-9.502968e-01,0.000000e+00
1.960000e+02,1.404273e+00,1.800000e+02,-1.404273e+00,0.000000e+00
1.970000e+02,3.897763e+00,1.113310e+02,-1.417830e+00,3.630746e+00
1.980000e+02,3.897763e+00,-1.113310e+02,-1.417830e+00,-3.630746e+00
1.990000e+02,1.939586e+00,1.800000e+02,-1.939586e+00,0.000000e+00
2.000000e+02,1.022971e+01,1.800000e+02,-1.022971e+01,0.000000e+00
2.010000e+02,1.016178e-01,1.800000e+02,-1.016178e-01,0.000000e+00
2.020000e+02,1.885885e-01,1.800000e+02,-1.885885e-01,0.000000e+00
2.030000e+02,1.695548e+00,1.156881e+02,-7.349720e-01,1.527972e+00
2.040000e+02,1.695548e+00,-1.156881e+02,-7.349720e-01,-1.527972e+00
2.050000e+02,9.502965e-01,1.800000e+02,-9.502965e-01,0.000000e+00
2.060000e+02,1.405103e+00,1.800000e+02,-1.405103e+00,0.000000e+00
2.070000e+02,3.963626e+00,1.120377e+02,-1.487219e+00,3.674032e+00
2.080000e+02,3.963626e+00,-1.120377e+02,-1.487219e+00,-3.674032e+00
2.090000e+02,1.939584e+00,1.800000e+02,-1.939584e+00,0.000000e+00
2.100000e+02,1.023664e+01,1.800000e+02,-1.023664e+01,0.000000e+00
2.110000e+02,1.017015e-01,1.800000e+02,-1.017015e-01,0.000000e+00
2.120000e+02,1.885571e-01,1.800000e+02,-1.885571e-01,0.000000e+00
2.130000e+02,1.674390e+00,1.155969e+02,-7.233976e-01,1.510059e+00
2.140000e+02,1.674390e+00,-1.155969e+02,-7.233976e-01,-1.510059e+00
2.150000e+02,9.502963e-01,1.800000e+02,-9.502963e-01,0.000000e+00
2.160000e+02,1.405932e+00,1.800000e+02,-1.405932e+00,0.000000e+00
2.170000e+02,4.029490e+00,1.127223e+02,-1.556453e+00,3.716752e+00
2.180000e+02,4.029490e+00,-1.127223e+02,-1.556453e+00,-3.716752e+00
2.190000e+02,1.939582e+00,1.800000e+02,-1.939582e+00,0.000000e+00
2.200000e+02,1.024401e+01,1.800000e+02,-1.024401e+01,0.000000e+00
2.210000e+02,1.017856e-01,1.800000e+02,-1.017856e-01,0.000000e+00
2.220000e+02,1.885255e-01,1.800000e+02,-1.885255e-01,0.000000e+00
2.230000e+02,1.654085e+00,1.155263e+02,-7.127875e-01,1.492625e+00
2.240000e+02,1.654085e+00,-1.155263e+02,-7.127875e-01,-1.492625e+00
2.250000e+02,9.502960e-01,1.800000e+02,-9.502960e-01,0.000000e+00
2.260000e+02,1.406761e+00,1.800000e+02,-1.406761e+00,0.000000e+00
2.270000e+02,4.095394e+00,1.133882e+02,-1.625701e+00,3.758903e+00
2.280000e+02,4.095394e+00,-1.133882e+02,-1.625701e+00,-3.758903e+00
2.290000e+02,1.939579e+00,1.800000e+02,-1.939579e+00,0.000000e+00
2.300000e+02,1.025187e+01,1.800000e+02,-1.025187e+01,0.000000e+00
2.310000e+02,1.018699e-01,1.800000e+02,-1.018699e-01,0.000000e+00
2.320000e+02,1.884938e-01,1.800000e+02,-1.884938e-01,0.000000e+00
2.330000e+02,1.634581e+00,1.154738e+02,-7.030291e-01,1.475671e+00
2.340000e+02,1.634581e+00,-1.154738e+02,-7.030291e-01,-1.475671e+00
2.350000e+02,9.502957e-01,1.800000e+02,-9.502957e-01,0.000000e+00
2.360000e+02,1.407589e+00,1.800000e+02,-1.407589e+00,0.000000e+00
2.370000e+02,4.161388e+00,1.140381e+02,-1.695119e+00,3.800490e+00
2.380000e+02,4.161388e+00,-1.140381e+02,-1.695119e+00,-3.800490e+00
2.390000e+02,1.939577e+00,1.800000e+02,-1.939577e+00,0.000000e+00
2.400000e+02,1.026026e+01,1.800000e+02,-1.026026e+01,0.000000e+00
2.410000e+02,1.019545e-01,1.800000e+02,-1.019545e-01,0.000000e+00
2.420000e+02,1.884618e-01,1.800000e+02,-1.884618e-01,0.000000e+00
2.430000e+02,1.615829e+00,1.154369e+02,-6.940260e-01,1.459189e+00
2.440000e+02,1.615829e+00,-1.154369e+02,-6.940260e-01,-1.459189e+00
2.450000e+02,9.502955e-01,1.800000e+02,-9.502955e-01,0.000000e+00
2.460000e+02,1.408416e+00,1.800000e+02,-1.408416e+00,0.000000e+00
2.470000e+02,4.227531e+00,1.146746e+02,-1.764846e+00,3.841528e+00
2.480000e+02,4.227531e+00,-1.146746e+02,-1.764846e+00,-3.841528e+00
2.490000e+02,1.939575e+00,1.800000e+02,-1.939575e+00,0.000000e+00
2.500000e+02,1.026925e+01,1.800000e+02,-1.026925e+01,0.000000e+00
2.510000e+02,1.020395e-01,1.800000e+02,-1.020395e-01,0.000000e+00
2.520000e+02,1.884297e-01,1.800000e+02,-1.884297e-01,0.000000e+00
2.530000e+02,1.597785e+00,1.154139e+02,-6.856949e-01,1.443169e+00
2.540000e+02,1.597785e+00,-1.154139e+02,-6.856949e-01,-1.443169e+00
2.550000e+02,9.502952e-01,1.800000e+02,-9.502952e-01,0.000000e+00
2.560000e+02,1.409243e+00,1.800000e+02,-1.409243e+00,0.000000e+00
2.570000e+02,4.293890e+00,1.152998e+02,-1.835014e+00,3.882038e+00
2.580000e+02,4.293890e+00,-1.152998e+02,-1.835014e+00,-3.882038e+00
2.590000e+02,1.939573e+00,1.800000e+02,-1.939573e+00,0.000000e+00
2.600000e+02,1.027889e+01,1.800000e+02,-1.027889e+01,0.000000e+00
2.610000e+02,1.021247e-01,1.800000e+02,-1.021247e-01,0.000000e+00
2.620000e+02,1.883974e-01,1.800000e+02,-1.883974e-01,0.000000e+00
2.630000e+02,1.580402e+00,1.154030e+02,-6.779644e-01,1.427597e+00
2.640000e+02,1.580402e+00,-1.154030e+02,-6.779644e-01,-1.427597e+00
2.650000e+02,9.502949e-01,1.800000e+02,-9.502949e-01,0.000000e+00
2.660000e+02,1.410069e+00,1.800000e+02,-1.410069e+00,0.000000e+00
2.670000e+02,4.360538e+00,1.159154e+02,-1.905744e+00,3.922044e+00
2.680000e+02,4.360538e+00,-1.159154e+02,-1.905744e+00,-3.922044e+00
2.690000e+02,1.939571e+00,1.800000e+02,-1.939571e+00,0.000000e+00
2.700000e+02,1.028928e+01,1.800000e+02,-1.028928e+01,0.000000e+00
2.710000e+02,1.022102e-01,1.800000e+02,-1.022102e-01,0.000000e+00
2.720000e+02,1.883649e-01,1.800000e+02,-1.883649e-01,0.000000e+00
2.730000e+02,1.563640e+00,1.154029e+02,-6.707724e-01,1.412457e+00
2.740000e+02,1.563640e+00,-1.154029e+02,-6.707724e-01,-1.412457e+00
2.750000e+02,9.502946e-01,1.800000e+02,-9.502946e-01,0.000000e+00
2.760000e+02,1.410894e+00,1.800000e+02,-1.410894e+00,0.000000e+00
2.770000e+02,1.939569e+00,1.800000e+02,-1.939569e+00,0.000000e+00
2.780000e+02,4.427550e+00,1.165230e+02,-1.977155e+00,3.961572e+00
2.790000e+02,4.427550e+00,-1.165230e+02,-1.977155e+00,-3.961572e+00
2.800000e+02,1.030049e+01,1.800000e+02,-1.030049e+01,0.000000e+00
2.810000e+02,1.022960e-01,1.800000e+02,-1.022960e-01,0.000000e+00
2.820000e+02,1.883323e-01,1.800000e+02,-1.883323e-01,0.000000e+00
2.830000e+02,1.547462e+00,1.154125e+02,-6.640651e-01,1.397732e+00
2.840000e+02,1.547462e+00,-1.154125e+02,-6.640651e-01,-1.397732e+00
2.850000e+02,9.502944e-01,1.800000e+02,-9.502944e-01,0.000000e+00
2.860000e+02,1.411718e+00,1.800000e+02,-1.411718e+00,0.000000e+00
2.870000e+02,1.939567e+00,1.800000e+02,-1.939567e+00,0.000000e+00
2.880000e+02,4.495007e+00,1.171240e+02,-2.049357e+00,4.000653e+00
2.890000e+02,4.495007e+00,-1.171240e+02,-2.049357e+00,-4.000653e+00
2.900000e+02,1.031264e+01,1.800000e+02,-1.031264e+01,0.000000e+00
2.910000e+02,1.023821e-01,1.800000e+02,-1.023821e-01,0.000000e+00
2.920000e+02,1.882994e-01,1.800000e+02,-1.882994e-01,0.000000e+00
2.930000e+02,1.531831e+00,1.154306e+02,-6.577956e-01,1.383406e+00
2.940000e+02,1.531831e+00,-1.154306e+02,-6.577956e-01,-1.383406e+00
2.950000e+02,9.502941e-01,1.800000e+02,-9.502941e-01,0.000000e+00
2.960000e+02,1.412542e+00,1.800000e+02,-1.412542e+00,0.000000e+00
2.970000e+02,1.939565e+00,1.800000e+02,-1.939565e+00,0.000000e+00
2.980000e+02,4.562994e+00,1.177197e+02,-2.122461e+00,4.039315e+00
2.990000e+02,4.562994e+00,-1.177197e+02,-2.122461e+00,-4.039315e+00
3.000000e+02,1.032585e+01,1.800000e+02,-1.032585e+01,0.000000e+00
3.010000e+02,1.024685e-01,1.800000e+02,-1.024685e-01,0.000000e+00
3.020000e+02,1.882664e-01,1.800000e+02,-1.882664e-01,0.000000e+00
3.030000e+02,1.516716e+00,1.154565e+02,-6.519226e-01,1.369462e+00
3.040000e+02,1.516716e+00,-1.154565e+02,-6.519226e-01,-1.369462e+00
3.050000e+02,9.502938e-01,1.800000e+02,-9.502938e-01,0.000000e+00
3.060000e+02,1.413365e+00,1.800000e+02,-1.413365e+00,0.000000e+00
3.070000e+02,1.939563e+00,1.800000e+02,-1.939563e+00,0.000000e+00
3.080000e+02,4.631600e+00,1.183111e+02,-2.196578e+00,4.077593e+00
3.090000e+02,4.631600e+00,-1.183111e+02,-2.196578e+00,-4.077593e+00
3.100000e+02,1.034027e+01,1.800000e+02,-1.034027e+01,0.000000e+00
3.110000e+02,1.025552e-01,1.800000e+02,-1.025552e-01,0.000000e+00
3.120000e+02,1.882331e-01,1.800000e+02,-1.882331e-01,0.000000e+00
3.130000e+02,1.502086e+00,1.154892e+02,-6.464101e-01,1.355883e+00
3.140000e+02,1.502086e+00,-1.154892e+02,-6.464101e-01,-1.355883e+00
3.150000e+02,9.502936e-01,1.800000e+02,-9.502936e-01,0.000000e+00
3.160000e+02,1.414187e+00,1.800000e+02,-1.414187e+00,0.000000e+00
3.170000e+02,1.939561e+00,1.800000e+02,-1.939561e+00,0.000000e+00
3.180000e+02,4.700921e+00,1.188992e+02,-2.271817e+00,4.115520e+00
3.190000e+02,4.700921e+00,-1.188992e+02,-2.271817e+00,-4.115520e+00
3.200000e+02,1.035609e+01,1.800000e+02,-1.035609e+01,0.000000e+00
3.210000e+02,1.026422e-01,1.800000e+02,-1.026422e-01,0.000000e+00
3.220000e+02,1.881997e-01,1.800000e+02,-1.881997e-01,0.000000e+00
3.230000e+02,1.487914e+00,1.155283e+02,-6.412261e-01,1.342653e+00
3.240000e+02,1.487914e+00,-1.155283e+02,-6.412261e-01,-1.342653e+00
3.250000e+02,9.502933e-01,1.800000e+02,-9.502933e-01,0.000000e+00
3.260000e+02,1.415009e+00,1.800000e+02,-1.415009e+00,0.000000e+00
3.270000e+02,1.939559e+00,1.800000e+02,-1.939559e+00,0.000000e+00
3.280000e+02,4.771055e+00,1.194850e+02,-2.348290e+00,4.153132e+00
3.290000e+02,4.771055e+00,-1.194850e+02,-2.348290e+00,-4.153132e+00
3.300000e+02,1.037354e+01,1.800000e+02,-1.037354e+01,0.000000e+00
3.310000e+02,1.027295e-01,1.800000e+02,-1.027295e-01,0.000000e+00
3.320000e+02,1.881661e-01,1.800000e+02,-1.881661e-01,0.000000e+00
3.330000e+02,1.474174e+00,1.155730e+02,-6.363425e-01,1.329758e+00
3.340000e+02,1.474174e+00,-1.155730e+02,-6.363425e-01,-1.329758e+00
3.350000e+02,9.502930e-01,1.800000e+02,-9.502930e-01,0.000000e+00
3.360000e+02,1.415830e+00,1.800000e+02,-1.415830e+00,0.000000e+00
3.370000e+02,1.939557e+00,1.800000e+02,-1.939557e+00,0.000000e+00
3.380000e+02,4.842111e+00,1.200691e+02,-2.426113e+00,4.190467e+00
3.390000e+02,4.842111e+00,-1.200691e+02,-2.426113e+00,-4.190467e+00
3.400000e+02,1.039288e+01,1.800000e+02,-1.039288e+01,0.000000e+00
3.410000e+02,1.028172e-01,1.800000e+02,-1.028172e-01,0.000000e+00
3.420000e+02,1.881322e-01,1.800000e+02,-1.881322e-01,0.000000e+00
3.430000e+02,1.460841e+00,1.156229e+02,-6.317341e-01,1.317182e+00
3.440000e+02,1.460841e+00,-1.156229e+02,-6.317341e-01,-1.317182e+00
3.450000e+02,9.502927e-01,1.800000e+02,-9.502927e-01,0.000000e+00
3.460000e+02,1.416649e+00,1.800000e+02,-1.416649e+00,0.000000e+00
3.470000e+02,1.939555e+00,1.800000e+02,-1.939555e+00,0.000000e+00
3.480000e+02,4.914203e+00,1.206525e+02,-2.505405e+00,4.227568e+00
3.490000e+02,4.914203e+00,-1.206525e+02,-2.505405e+00,-4.227568e+00
3.500000e+02,1.041446e+01,1.800000e+02,-1.041446e+01,0.000000e+00
3.510000e+02,1.029051e-01,1.800000e+02,-1.029051e-01,0.000000e+00
3.520000e+02,1.880982e-01,1.800000e+02,-1.880982e-01,0.000000e+00
3.530000e+02,1.447896e+00,1.156774e+02,-6.273786e-01,1.304913e+00
3.540000e+02,1.447896e+00,-1.156774e+02,-6.273786e-01,-1.304913e+00
3.550000e+02,9.502925e-01,1.800000e+02,-9.502925e-01,0.000000e+00
3.560000e+02,1.417468e+00,1.800000e+02,-1.417468e+00,0.000000e+00
3.570000e+02,1.939553e+00,1.800000e+02,-1.939553e+00,0.000000e+00
3.580000e+02,4.987453e+00,1.212357e+02,-2.586294e+00,4.264478e+00
3.590000e+02,4.987453e+00,-1.212357e+02,-2.586294e+00,-4.264478e+00
3.600000e+02,1.043874e+01,1.800000e+02,-1.043874e+01,0.000000e+00
3.610000e+02,1.029934e-01,1.800000e+02,-1.029934e-01,0.000000e+00
3.620000e+02,1.880640e-01,1.800000e+02,-1.880640e-01,0.000000e+00
3.630000e+02,1.435316e+00,1.157363e+02,-6.232560e-01,1.292936e+00
3.640000e+02,1.435316e+00,-1.157363e+02,-6.232560e-01,-1.292936e+00
3.650000e+02,9.502922e-01,1.800000e+02,-9.502922e-01,0.000000e+00
3.660000e+02,1.418286e+00,1.800000e+02,-1.418286e+00,0.000000e+00
3.670000e+02,1.939550e+00,1.800000e+02,-1.939550e+00,0.000000e+00
3.680000e+02,5.061998e+00,1.218195e+02,-2.668913e+00,4.301247e+00
3.690000e+02,5.061998e+00,-1.218195e+02,-2.668913e+00,-4.301247e+00
3.700000e+02,1.046629e+01,1.800000e+02,-1.046629e+01,0.000000e+00
3.710000e+02,1.030820e-01,1.800000e+02,-1.030820e-01,0.000000e+00
3.720000e+02,1.880296e-01,1.800000e+02,-1.880296e-01,0.000000e+00
3.730000e+02,1.423084e+00,1.157990e+02,-6.193483e-01,1.281240e+00
3.740000e+02,1.423084e+00,-1.157990e+02,-6.193483e-01,-1.281240e+00
3.750000e+02,9.502919e-01,1.800000e+02,-9.502919e-01,0.000000e+00
3.760000e+02,1.419104e+00,1.800000e+02,-1.419104e+00,0.000000e+00
3.770000e+02,1.939548e+00,1.800000e+02,-1.939548e+00,0.000000e+00
3.780000e+02,5.137983e+00,1.224044e+02,-2.753404e+00,4.337929e+00
3.790000e+02,5.137983e+00,-1.224044e+02,-2.753404e+00,-4.337929e+00
3.800000e+02,1.049787e+01,1.800000e+02,-1.049787e+01,0.000000e+00
3.810000e+02,1.031709e-01,1.800000e+02,-1.031709e-01,0.000000e+00
3.820000e+02,1.879950e-01,1.800000e+02,-1.879950e-01,0.000000e+00
3.830000e+02,1.411182e+00,1.158654e+02,-6.156393e-01,1.269812e+00
3.840000e+02,1.411182e+00,-1.158654e+02,-6.156393e-01,-1.269812e+00
3.850000e+02,9.502916e-01,1.800000e+02,-9.502916e-01,0.000000e+00
3.860000e+02,1.419920e+00,1.800000e+02,-1.419920e+00,0.000000e+00
3.870000e+02,1.939546e+00,1.800000e+02,-1.939546e+00,0.000000e+00
3.880000e+02,5.215569e+00,1.229911e+02,-2.839921e+00,4.374586e+00
3.890000e+02,5.215569e+00,-1.229911e+02,-2.839921e+00,-4.374586e+00
3.900000e+02,1.053456e+01,1.800000e+02,-1.053456e+01,0.000000e+00
3.910000e+02,1.032601e-01,1.800000e+02,-1.032601e-01,0.000000e+00
3.920000e+02,1.879601e-01,1.800000e+02,-1.879601e-01,0.000000e+00
3.930000e+02,1.399593e+00,1.159350e+02,-6.121144e-01,1.258641e+00
3.940000e+02,1.399593e+00,-1.159350e+02,-6.121144e-01,-1.258641e+00
3.950000e+02,9.502914e-01,1.800000e+02,-9.502914e-01,0.000000e+00
3.960000e+02,1.420735e+00,1.800000e+02,-1.420735e+00,0.000000e+00
3.970000e+02,1.939544e+00,1.800000e+02,-1.939544e+00,0.000000e+00
3.980000e+02,5.294934e+00,1.235800e+02,-2.928630e+00,4.411287e+00
3.990000e+02,5.294934e+00,-1.235800e+02,-2.928630e+00,-4.411287e+00
4.000000e+02,1.057786e+01,1.800000e+02,-1.057786e+01,0.000000e+00
4.010000e+02,1.033497e-01,1.800000e+02,-1.033497e-01,0.000000e+00
4.020000e+02,1.879251e-01,1.800000e+02,-1.879251e-01,0.000000e+00
4.030000e+02,1.388304e+00,1.160077e+02,-6.087606e-01,1.247717e+00
4.040000e+02,1.388304e+00,-1.160077e+02,-6.087606e-01,-1.247717e+00
4.050000e+02,9.502911e-01,1.800000e+02,-9.502911e-01,0.000000e+00
4.060000e+02,1.421550e+00,1.800000e+02,-1.421550e+00,0.000000e+00
4.070000e+02,1.939542e+00,1.800000e+02,-1.939542e+00,0.000000e+00
4.080000e+02,5.376277e+00,1.241716e+02,-3.019712e+00,4.448112e+00
4.090000e+02,5.376277e+00,-1.241716e+02,-3.019712e+00,-4.448112e+00
4.100000e+02,1.063004e+01,1.800000e+02,-1.063004e+01,0.000000e+00
4.110000e+02,1.034395e-01,1.800000e+02,-1.034395e-01,0.000000e+00
4.120000e+02,1.878898e-01,1.800000e+02,-1.878898e-01,0.000000e+00
4.130000e+02,1.377299e+00,1.160832e+02,-6.055658e-01,1.237030e+00
4.140000e+02,1.377299e+00,-1.160832e+02,-6.055658e-01,-1.237030e+00
4.150000e+02,9.502908e-01,1.800000e+02,-9.502908e-01,0.000000e+00
4.160000e+02,1.422363e+00,1.800000e+02,-1.422363e+00,0.000000e+00
4.170000e+02,1.939540e+00,1.800000e+02,-1.939540e+00,0.000000e+00
4.180000e+02,5.459821e+00,1.247664e+02,-3.113365e+00,4.485154e+00
4.190000e+02,5.459821e+00,-1.247664e+02,-3.113365e+00,-4.485154e+00
4.200000e+02,1.069474e+01,1.800000e+02,-1.069474e+01,0.000000e+00
4.210000e+02,1.035298e-01,1.800000e+02,-1.035298e-01,0.000000e+00
4.220000e+02,1.878544e-01,1.800000e+02,-1.878544e-01,0.000000e+00
4.230000e+02,1.366566e+00,1.161613e+02,-6.025191e-01,1.226570e+00
4.240000e+02,1.366566e+00,-1.161613e+02,-6.025191e-01,-1.226570e+00
4.250000e+02,9.502905e-01,1.800000e+02,-9.502905e-01,0.000000e+00
4.260000e+02,1.423176e+00,1.800000e+02,-1.423176e+00,0.000000e+00
4.270000e+02,1.939538e+00,1.800000e+02,-1.939538e+00,0.000000e+00
4.280000e+02,5.545815e+00,1.253648e+02,-3.209807e+00,4.522522e+00
4.290000e+02,5.545815e+00,-1.253648e+02,-3.209807e+00,-4.522522e+00
4.300000e+02,1.077833e+01,1.800000e+02,-1.077833e+01,0.000000e+00
4.310000e+02,1.036203e-01,1.800000e+02,-1.036203e-01,0.000000e+00
4.320000e+02,1.878187e-01,1.800000e+02,-1.878187e-01,0.000000e+00
4.330000e+02,1.356093e+00,1.162418e+02,-5.996107e-01,1.216328e+00
4.340000e+02,1.356093e+00,-1.162418e+02,-5.996107e-01,-1.216328e+00
4.350000e+02,9.502902e-01,1.800000e+02,-9.502902e-01,0.000000e+00
4.360000e+02,1.423987e+00,1.800000e+02,-1.423987e+00,0.000000e+00
4.370000e+02,1.939536e+00,1.800000e+02,-1.939536e+00,0.000000e+00
4.380000e+02,5.634544e+00,1.259670e+02,-3.309279e+00,4.560347e+00
4.390000e+02,5.634544e+00,-1.259670e+02,-3.309279e+00,-4.560347e+00
4.400000e+02,1.089403e+01,1.800000e+02,-1.089403e+01,0.000000e+00
4.410000e+02,1.037112e-01,1.800000e+02,-1.037112e-01,0.000000e+00
4.420000e+02,1.877828e-01,1.800000e+02,-1.877828e-01,0.000000e+00
4.430000e+02,1.345867e+00,1.163245e+02,-5.968315e-01,1.206296e+00
4.440000e+02,1.345867e+00,-1.163245e+02,-5.968315e-01,-1.206296e+00
4.450000e+02,9.502900e-01,1.800000e+02,-9.502900e-01,0.000000e+00
4.460000e+02,1.424798e+00,1.800000e+02,-1.424798e+00,0.000000e+00
4.470000e+02,1.939534e+00,1.800000e+02,-1.939534e+00,0.000000e+00
4.480000e+02,5.726334e+00,1.265734e+02,-3.412048e+00,4.598786e+00
4.490000e+02,5.726334e+00,-1.265734e+02,-3.412048e+00,-4.598786e+00
4.500000e+02,1.107917e+01,1.800000e+02,-1.107917e+01,0.000000e+00
4.510000e+02,1.038024e-01,1.800000e+02,-1.038024e-01,0.000000e+00
4.520000e+02,1.877467e-01,1.800000e+02,-1.877467e-01,0.000000e+00
4.530000e+02,1.335879e+00,1.164093e+02,-5.941731e-01,1.196466e+00
4.540000e+02,1.335879e+00,-1.164093e+02,-5.941731e-01,-1.196466e+00
4.550000e+02,9.502897e-01,1.800000e+02,-9.502897e-01,0.000000e+00
4.560000e+02,1.425607e+00,1.800000e+02,-1.425607e+00,0.000000e+00
4.570000e+02,1.939532e+00,1.800000e+02,-1.939532e+00,0.000000e+00
4.580000e+02,5.821557e+00,1.271840e+02,-3.518412e+00,4.638028e+00
4.590000e+02,5.821557e+00,-1.271840e+02,-3.518412e+00,-4.638028e+00
4.600000e+02,1.159605e+01,1.786979e+02,-1.159305e+01,2.634998e-01
4.610000e+02,1.038939e-01,1.800000e+02,-1.038939e-01,0.000000e+00
4.620000e+02,1.877104e-01,1.800000e+02,-1.877104e-01,0.000000e+00
4.630000e+02,1.326118e+00,1.164960e+02,-5.916281e-01,1.186830e+00
4.640000e+02,1.326118e+00,-1.164960e+02,-5.916281e-01,-1.186830e+00
4.650000e+02,9.502894e-01,1.800000e+02,-9.502894e-01,0.000000e+00
4.660000e+02,1.426416e+00,1.800000e+02,-1.426416e+00,0.000000e+00
4.670000e+02,1.939530e+00,1.800000e+02,-1.939530e+00,0.000000e+00
4.680000e+02,5.920647e+00,1.277987e+02,-3.628703e+00,4.678309e+00
4.690000e+02,5.920647e+00,-1.277987e+02,-3.628703e+00,-4.678309e+00
4.700000e+02,1.147723e+01,1.763358e+02,-1.145377e+01,7.334874e-01
4.710000e+02,1.039858e-01,1.800000e+02,-1.039858e-01,0.000000e+00
4.720000e+02,1.876738e-01,1.800000e+02,-1.876738e-01,0.000000e+00
4.730000e+02,1.316575e+00,1.165845e+02,-5.891894e-01,1.177381e+00
4.740000e+02,1.316575e+00,-1.165845e+02,-5.891894e-01,-1.177381e+00
4.750000e+02,9.502891e-01,1.800000e+02,-9.502891e-01,0.000000e+00
4.760000e+02,1.427223e+00,1.800000e+02,-1.427223e+00,0.000000e+00
4.770000e+02,1.939528e+00,1.800000e+02,-1.939528e+00,0.000000e+00
4.780000e+02,6.024107e+00,1.284174e+02,-3.743292e+00,4.719918e+00
4.790000e+02,6.024107e+00,-1.284174e+02,-3.743292e+00,-4.719918e+00
4.800000e+02,1.135312e+01,1.749923e+02,-1.130978e+01,9.910163e-01
4.810000e+02,1.040780e-01,1.800000e+02,-1.040780e-01,0.000000e+00
4.820000e+02,1.876371e-01,1.800000e+02,-1.876371e-01,0.000000e+00
4.830000e+02,1.307241e+00,1.166746e+02,-5.868506e-01,1.168112e+00
4.840000e+02,1.307241e+00,-1.166746e+02,-5.868506e-01,-1.168112e+00
4.850000e+02,9.502889e-01,1.800000e+02,-9.502889e-01,0.000000e+00
4.860000e+02,1.428030e+00,1.800000e+02,-1.428030e+00,0.000000e+00
4.870000e+02,1.939526e+00,1.800000e+02,-1.939526e+00,0.000000e+00
4.880000e+02,6.132527e+00,1.290393e+02,-3.862591e+00,4.763221e+00
4.890000e+02,6.132527e+00,-1.290393e+02,-3.862591e+00,-4.763221e+00
4.900000e+02,1.122319e+01,1.739512e+02,-1.116070e+01,1.182652e+00
4.910000e+02,1.041706e-01,1.800000e+02,-1.041706e-01,0.000000e+00
4.920000e+02,1.876001e-01,1.800000e+02,-1.876001e-01,0.000000e+00
4.930000e+02,1.298108e+00,1.167663e+02,-5.846058e-01,1.159017e+00
4.940000e+02,1.298108e+00,-1.167663e+02,-5.846058e-01,-1.159017e+00
4.950000e+02,9.502886e-01,1.800000e+02,-9.502886e-01,0.000000e+00
4.960000e+02,1.428835e+00,1.800000e+02,-1.428835e+00,0.000000e+00
4.970000e+02,1.939523e+00,1.800000e+02,-1.939523e+00,0.000000e+00
4.980000e+02,6.246604e+00,1.296634e+02,-3.987060e+00,4.808682e+00
4.990000e+02,6.246604e+00,-1.296634e+02,-3.987060e+00,-4.808682e+00
5.000000e+02,1.108684e+01,1.730806e+02,-1.100609e+01,1.335663e+00
5.010000e+02,1.042635e-01,1.800000e+02,-1.042635e-01,0.000000e+00
5.020000e+02,1.875629e-01,1.800000e+02,-1.875629e-01,0.000000e+00
5.030000e+02,1.289168e+00,1.168594e+02,-5.824495e-01,1.150089e+00
5.040000e+02,1.289168e+00,-1.168594e+02,-5.824495e-01,-1.150089e+00
5.050000e+02,9.502883e-01,1.800000e+02,-9.502883e-01,0.000000e+00
5.060000e+02,1.429639e+00,1.800000e+02,-1.429639e+00,0.000000e+00
5.070000e+02,1.939521e+00,1.800000e+02,-1.939521e+00,0.000000e+00
5.080000e+02,6.367161e+00,1.302880e+02,-4.117198e+00,4.856894e+00
5.090000e+02,6.367161e+00,-1.302880e+02,-4.117198e+00,-4.856894e+00
5.100000e+02,1.094340e+01,1.723293e+02,-1.084547e+01,1.460724e+00
5.110000e+02,1.043568e-01,1.800000e+02,-1.043568e-01,0.000000e+00
5.120000e+02,1.875254e-01,1.800000e+02,-1.875254e-01,0.000000e+00
5.130000e+02,1.280412e+00,1.169539e+02,-5.803767e-01,1.141323e+00
5.140000e+02,1.280412e+00,-1.169539e+02,-5.803767e-01,-1.141323e+00
5.150000e+02,9.502880e-01,1.800000e+02,-9.502880e-01,0.000000e+00
5.160000e+02,1.430443e+00,1.800000e+02,-1.430443e+00,0.000000e+00
5.170000e+02,1.939519e+00,1.800000e+02,-1.939519e+00,0.000000e+00
5.180000e+02,6.495171e+00,1.309104e+02,-4.253544e+00,4.908625e+00
5.190000e+02,6.495171e+00,-1.309104e+02,-4.253544e+00,-4.908625e+00
5.200000e+02,1.079208e+01,1.716734e+02,-1.067832e+01,1.562858e+00
5.210000e+02,1.044504e-01,1.800000e+02,-1.044504e-01,0.000000e+00
5.220000e+02,1.874877e-01,1.800000e+02,-1.874877e-01,0.000000e+00
5.230000e+02,1.271836e+00,1.170496e+02,-5.783826e-01,1.132713e+00
5.240000e+02,1.271836e+00,-1.170496e+02,-5.783826e-01,-1.132713e+00
5.250000e+02,9.502877e-01,1.800000e+02,-9.502877e-01,0.000000e+00
5.260000e+02,1.431245e+00,1.800000e+02,-1.431245e+00,0.000000e+00
5.270000e+02,1.939517e+00,1.800000e+02,-1.939517e+00,0.000000e+00
5.280000e+02,6.631785e+00,1.315265e+02,-4.396651e+00,4.964879e+00
5.290000e+02,6.631785e+00,-1.315265e+02,-4.396651e+00,-4.964879e+00
5.300000e+02,1.063203e+01,1.711027e+02,-1.050410e+01,1.644383e+00
5.310000e+02,1.045444e-01,1.800000e+02,-1.045444e-01,0.000000e+00
5.320000e+02,1.874498e-01,1.800000e+02,-1.874498e-01,0.000000e+00
5.330000e+02,1.263431e+00,1.171465e+02,-5.764630e-01,1.124254e+00
5.340000e+02,1.263431e+00,-1.171465e+02,-5.764630e-01,-1.124254e+00
5.350000e+02,9.502875e-01,1.800000e+02,-9.502875e-01,0.000000e+00
5.360000e+02,1.432046e+00,1.800000e+02,-1.432046e+00,0.000000e+00
5.370000e+02,1.939515e+00,1.800000e+02,-1.939515e+00,0.000000e+00
5.380000e+02,6.778347e+00,1.321303e+02,-4.547041e+00,5.026969e+00
5.390000e+02,6.778347e+00,-1.321303e+02,-4.547041e+00,-5.026969e+00
5.400000e+02,1.046233e+01,1.706156e+02,-1.032231e+01,1.705960e+00
5.410000e+02,1.046388e-01,1.800000e+02,-1.046388e-01,0.000000e+00
5.420000e+02,1.874117e-01,1.800000e+02,-1.874117e-01,0.000000e+00
5.430000e+02,1.255191e+00,1.172446e+02,-5.746138e-01,1.115941e+00
5.440000e+02,1.255191e+00,-1.172446e+02,-5.746138e-01,-1.115941e+00
5.450000e+02,9.502872e-01,1.800000e+02,-9.502872e-01,0.000000e+00
5.460000e+02,1.432845e+00,1.800000e+02,-1.432845e+00,0.000000e+00
5.470000e+02,1.939513e+00,1.800000e+02,-1.939513e+00,0.000000e+00
5.480000e+02,6.936392e+00,1.327127e+02,-4.705113e+00,5.096612e+00
5.490000e+02,6.936392e+00,-1.327127e+02,-4.705113e+00,-5.096612e+00
5.500000e+02,1.028207e+01,1.702176e+02,-1.013257e+01,1.746993e+00
5.510000e+02,1.047335e-01,1.800000e+02,-1.047335e-01,0.000000e+00
5.520000e+02,1.873733e-01,1.800000e+02,-1.873733e-01,0.000000e+00
5.530000e+02,1.247111e+00,1.173437e+02,-5.728312e-01,1.107769e+00
5.540000e+02,1.247111e+00,-1.173437e+02,-5.728312e-01,-1.107769e+00
5.550000e+02,9.502869e-01,1.800000e+02,-9.502869e-01,0.000000e+00
5.560000e+02,1.433644e+00,1.800000e+02,-1.433644e+00,0.000000e+00
5.570000e+02,1.939511e+00,1.800000e+02,-1.939511e+00,0.000000e+00
5.580000e+02,7.107580e+00,1.332609e+02,-4.870979e+00,5.176027e+00
5.590000e+02,7.107580e+00,-1.332609e+02,-4.870979e+00,-5.176027e+00
5.600000e+02,1.009049e+01,1.699218e+02,-9.934790e+00,1.765757e+00
5.610000e+02,1.048286e-01,1.800000e+02,-1.048286e-01,0.000000e+00
5.620000e+02,1.873346e-01,1.800000e+02,-1.873346e-01,0.000000e+00
5.630000e+02,1.239185e+00,1.174437e+02,-5.711117e-01,1.099733e+00
5.640000e+02,1.239185e+00,-1.174437e+02,-5.711117e-01,-1.099733e+00
5.650000e+02,9.502866e-01,1.800000e+02,-9.502866e-01,0.000000e+00
5.660000e+02,1.434441e+00,1.800000e+02,-1.434441e+00,0.000000e+00
5.670000e+02,1.939509e+00,1.800000e+02,-1.939509e+00,0.000000e+00
5.680000e+02,7.293519e+00,1.337566e+02,-5.044171e+00,5.267994e+00
5.690000e+02,7.293519e+00,-1.337566e+02,-5.044171e+00,-5.267994e+00
5.700000e+02,9.887247e+00,1.697497e+02,-9.729444e+00,1.759421e+00
5.710000e+02,1.049240e-01,1.800000e+02,-1.049240e-01,0.000000e+00
5.720000e+02,1.872958e-01,1.800000e+02,-1.872958e-01,0.000000e+00
5.730000e+02,1.231408e+00,1.175447e+02,-5.694521e-01,1.091829e+00
5.740000e+02,1.231408e+00,-1.175447e+02,-5.694521e-01,-1.091829e+00
5.750000e+02,9.502863e-01,1.800000e+02,-9.502863e-01,0.000000e+00
5.760000e+02,1.435237e+00,1.800000e+02,-1.435237e+00,0.000000e+00
5.770000e+02,1.939507e+00,1.800000e+02,-1.939507e+00,0.000000e+00
5.780000e+02,7.495379e+00,1.341754e+02,-5.223212e+00,5.375757e+00
5.790000e+02,7.495379e+00,-1.341754e+02,-5.223212e+00,-5.375757e+00
5.800000e+02,9.672923e+00,1.697327e+02,-9.518030e+00,1.724107e+00
5.810000e+02,1.050198e-01,1.800000e+02,-1.050198e-01,0.000000e+00
5.820000e+02,1.872566e-01,1.800000e+02,-1.872566e-01,0.000000e+00
5.830000e+02,1.223774e+00,1.176465e+02,-5.678494e-01,1.084053e+00
5.840000e+02,1.223774e+00,-1.176465e+02,-5.678494e-01,-1.084053e+00
5.850000e+02,9.502861e-01,1.800000e+02,-9.502861e-01,0.000000e+00
5.860000e+02,1.436032e+00,1.800000e+02,-1.436032e+00,0.000000e+00
5.870000e+02,1.939505e+00,1.800000e+02,-1.939505e+00,0.000000e+00
5.880000e+02,7.713223e+00,1.344878e+02,-5.405096e+00,5.502612e+00
5.890000e+02,7.713223e+00,-1.344878e+02,-5.405096e+00,-5.502612e+00
5.900000e+02,9.449650e+00,1.699123e+02,-9.303565e+00,1.655157e+00
5.910000e+02,1.051160e-01,1.800000e+02,-1.051160e-01,0.000000e+00
5.920000e+02,1.872173e-01,1.800000e+02,-1.872173e-01,0.000000e+00
5.930000e+02,1.216279e+00,1.177491e+02,-5.663006e-01,1.076401e+00
5.940000e+02,1.216279e+00,-1.177491e+02,-5.663006e-01,-1.076401e+00
5.950000e+02,9.502858e-01,1.800000e+02,-9.502858e-01,0.000000e+00
5.960000e+02,1.436826e+00,1.800000e+02,-1.436826e+00,0.000000e+00
5.970000e+02,1.939503e+00,1.800000e+02,-1.939503e+00,0.000000e+00
5.980000e+02,7.945163e+00,1.346634e+02,-5.584981e+00,5.650983e+00
5.990000e+02,7.945163e+00,-1.346634e+02,-5.584981e+00,-5.650983e+00
6.000000e+02,9.221714e+00,1.703382e+02,-9.090910e+00,1.547698e+00
6.010000e+02,1.052126e-01,1.800000e+02,-1.052126e-01,0.000000e+00
6.020000e+02,1.871776e-01,1.800000e+02,-1.871776e-01,0.000000e+00
6.030000e+02,1.208918e+00,1.178525e+02,-5.648031e-01,1.068869e+00
6.040000e+02,1.208918e+00,-1.178525e+02,-5.648031e-01,-1.068869e+00
6.050000e+02,9.502855e-01,1.800000e+02,-9.502855e-01,0.000000e+00
6.060000e+02,1.437619e+00,1.800000e+02,-1.437619e+00,0.000000e+00
6.070000e+02,1.939501e+00,1.800000e+02,-1.939501e+00,0.000000e+00
6.080000e+02,8.186848e+00,1.346806e+02,-5.756615e+00,5.821156e+00
6.090000e+02,8.186848e+00,-1.346806e+02,-5.756615e+00,-5.821156e+00
6.100000e+02,8.995482e+00,1.710651e+02,-8.886326e+00,1.397103e+00
6.110000e+02,1.053095e-01,1.800000e+02,-1.053095e-01,0.000000e+00
6.120000e+02,1.871378e-01,1.800000e+02,-1.871378e-01,0.000000e+00
6.130000e+02,1.201687e+00,1.179566e+02,-5.633544e-01,1.061453e+00
6.140000e+02,1.201687e+00,-1.179566e+02,-5.633544e-01,-1.061453e+00
6.150000e+02,9.502852e-01,1.800000e+02,-9.502852e-01,0.000000e+00
6.160000e+02,1.438410e+00,1.800000e+02,-1.438410e+00,0.000000e+00
6.170000e+02,1.939498e+00,1.800000e+02,-1.939498e+00,0.000000e+00
6.180000e+02,8.432008e+00,1.345357e+02,-5.913814e+00,6.010455e+00
6.190000e+02,8.432008e+00,-1.345357e+02,-5.913814e+00,-6.010455e+00
6.200000e+02,8.778121e+00,1.721572e+02,-8.696012e+00,1.197824e+00
6.210000e+02,1.054068e-01,1.800000e+02,-1.054068e-01,0.000000e+00
6.220000e+02,1.870976e-01,1.800000e+02,-1.870976e-01,0.000000e+00
6.230000e+02,1.194581e+00,1.180614e+02,-5.619522e-01,1.054151e+00
6.240000e+02,1.194581e+00,-1.180614e+02,-5.619522e-01,-1.054151e+00
6.250000e+02,9.502849e-01,1.800000e+02,-9.502849e-01,0.000000e+00
6.260000e+02,1.439200e+00,1.800000e+02,-1.439200e+00,0.000000e+00
6.270000e+02,1.939496e+00,1.800000e+02,-1.939496e+00,0.000000e+00
6.280000e+02,8.674146e+00,1.342458e+02,-6.052281e+00,6.213751e+00
6.290000e+02,8.674146e+00,-1.342458e+02,-6.052281e+00,-6.213751e+00
6.300000e+02,8.575574e+00,1.737300e+02,-8.524278e+00,9.365643e-01
6.310000e+02,1.055045e-01,1.800000e+02,-1.055045e-01,0.000000e+00
6.320000e+02,1.870572e-01,1.800000e+02,-1.870572e-01,0.000000e+00
6.330000e+02,1.187597e+00,1.181668e+02,-5.605942e-01,1.046958e+00
6.340000e+02,1.187597e+00,-1.181668e+02,-5.605942e-01,-1.046958e+00
6.350000e+02,9.502846e-01,1.800000e+02,-9.502846e-01,0.000000e+00
6.360000e+02,1.439989e+00,1.800000e+02,-1.439989e+00,0.000000e+00
6.370000e+02,1.939494e+00,1.800000e+02,-1.939494e+00,0.000000e+00
6.380000e+02,8.908258e+00,1.338420e+02,-6.170501e+00,6.425105e+00
6.390000e+02,8.908258e+00,-1.338420e+02,-6.170501e+00,-6.425105e+00
6.400000e+02,8.391147e+00,1.761950e+02,-8.372650e+00,5.568482e-01
6.410000e+02,1.056026e-01,1.800000e+02,-1.056026e-01,0.000000e+00
6.420000e+02,1.870166e-01,1.800000e+02,-1.870166e-01,0.000000e+00
6.430000e+02,1.180731e+00,1.182729e+02,-5.592785e-01,1.039872e+00
6.440000e+02,1.180731e+00,-1.182729e+02,-5.592785e-01,-1.039872e+00
6.450000e+02,9.502844e-01,1.800000e+02,-9.502844e-01,0.000000e+00
6.460000e+02,1.440777e+00,1.800000e+02,-1.440777e+00,0.000000e+00
6.470000e+02,1.939492e+00,1.800000e+02,-1.939492e+00,0.000000e+00
6.480000e+02,9.131525e+00,1.333581e+02,-6.269301e+00,6.639323e+00
6.490000e+02,9.131525e+00,-1.333581e+02,-6.269301e+00,-6.639323e+00
6.500000e+02,7.746602e+00,1.800000e+02,-7.746602e+00,0.000000e+00
6.510000e+02,1.057011e-01,1.800000e+02,-1.057011e-01,0.000000e+00
6.520000e+02,1.869757e-01,1.800000e+02,-1.869757e-01,0.000000e+00
6.530000e+02,1.173980e+00,1.183795e+02,-5.580030e-01,1.032890e+00
6.540000e+02,1.173980e+00,-1.183795e+02,-5.580030e-01,-1.032890e+00
6.550000e+02,9.502841e-01,1.800000e+02,-9.502841e-01,0.000000e+00
6.560000e+02,1.441563e+00,1.800000e+02,-1.441563e+00,0.000000e+00
6.570000e+02,1.939490e+00,1.800000e+02,-1.939490e+00,0.000000e+00
6.580000e+02,9.342985e+00,1.328233e+02,-6.350796e+00,6.852646e+00
6.590000e+02,9.342985e+00,-1.328233e+02,-6.350796e+00,-6.852646e+00
6.600000e+02,7.247093e+00,1.800000e+02,-7.247093e+00,0.000000e+00
6.610000e+02,1.058000e-01,1.800000e+02,-1.058000e-01,0.000000e+00
6.620000e+02,1.869345e-01,1.800000e+02,-1.869345e-01,0.000000e+00
6.630000e+02,1.167339e+00,1.184866e+02,-5.567659e-01,1.026008e+00
6.640000e+02,1.167339e+00,-1.184866e+02,-5.567659e-01,-1.026008e+00
6.650000e+02,9.502838e-01,1.800000e+02,-9.502838e-01,0.000000e+00
6.660000e+02,1.442348e+00,1.800000e+02,-1.442348e+00,0.000000e+00
6.670000e+02,1.939488e+00,1.800000e+02,-1.939488e+00,0.000000e+00
6.680000e+02,9.542847e+00,1.322597e+02,-6.417488e+00,7.062703e+00
6.690000e+02,9.542847e+00,-1.322597e+02,-6.417488e+00,-7.062703e+00
6.700000e+02,6.899731e+00,1.800000e+02,-6.899731e+00,0.000000e+00
6.710000e+02,1.058993e-01,1.800000e+02,-1.058993e-01,0.000000e+00
6.720000e+02,1.868931e-01,1.800000e+02,-1.868931e-01,0.000000e+00
6.730000e+02,1.160805e+00,1.185942e+02,-5.555656e-01,1.019223e+00
6.740000e+02,1.160805e+00,-1.185942e+02,-5.555656e-01,-1.019223e+00
6.750000e+02,9.502835e-01,1.800000e+02,-9.502835e-01,0.000000e+00
6.760000e+02,1.443131e+00,1.800000e+02,-1.443131e+00,0.000000e+00
6.770000e+02,1.939486e+00,1.800000e+02,-1.939486e+00,0.000000e+00
6.780000e+02,9.731898e+00,1.316827e+02,-6.471761e+00,7.268160e+00
6.790000e+02,9.731898e+00,-1.316827e+02,-6.471761e+00,-7.268160e+00
6.800000e+02,6.622843e+00,1.800000e+02,-6.622843e+00,0.000000e+00
6.810000e+02,1.059990e-01,1.800000e+02,-1.059990e-01,0.000000e+00
6.820000e+02,1.868513e-01,1.800000e+02,-1.868513e-01,0.000000e+00
6.830000e+02,1.154376e+00,1.187024e+02,-5.544003e-01,1.012534e+00
6.840000e+02,1.154376e+00,-1.187024e+02,-5.544003e-01,-1.012534e+00
6.850000e+02,9.502832e-01,1.800000e+02,-9.502832e-01,0.000000e+00
6.860000e+02,1.443914e+00,1.800000e+02,-1.443914e+00,0.000000e+00
6.870000e+02,1.939484e+00,1.800000e+02,-1.939484e+00,0.000000e+00
6.880000e+02,6.391430e+00,1.800000e+02,-6.391430e+00,0.000000e+00
6.890000e+02,9.911142e+00,1.311027e+02,-6.515685e+00,7.468372e+00
6.900000e+02,9.911142e+00,-1.311027e+02,-6.515685e+00,-7.468372e+00
6.910000e+02,1.060990e-01,1.800000e+02,-1.060990e-01,0.000000e+00
6.920000e+02,1.868093e-01,1.800000e+02,-1.868093e-01,0.000000e+00
6.930000e+02,1.148049e+00,1.188109e+02,-5.532686e-01,1.005937e+00
6.940000e+02,1.148049e+00,-1.188109e+02,-5.532686e-01,-1.005937e+00
6.950000e+02,9.502829e-01,1.800000e+02,-9.502829e-01,0.000000e+00
6.960000e+02,1.444695e+00,1.800000e+02,-1.444695e+00,0.000000e+00
6.970000e+02,1.939482e+00,1.800000e+02,-1.939482e+00,0.000000e+00
6.980000e+02,6.192923e+00,1.800000e+02,-6.192923e+00,0.000000e+00
6.990000e+02,1.008159e+01,1.305262e+02,-6.550974e+00,7.663112e+00
7.000000e+02,1.008159e+01,-1.305262e+02,-6.550974e+00,-7.663112e+00
7.010000e+02,1.061995e-01,1.800000e+02,-1.061995e-01,0.000000e+00
7.020000e+02,1.867671e-01,1.800000e+02,-1.867671e-01,0.000000e+00
7.030000e+02,1.141819e+00,1.189199e+02,-5.521690e-01,9.994304e-01
7.040000e+02,1.141819e+00,-1.189199e+02,-5.521690e-01,-9.994304e-01
7.050000e+02,9.502826e-01,1.800000e+02,-9.502826e-01,0.000000e+00
7.060000e+02,1.445474e+00,1.800000e+02,-1.445474e+00,0.000000e+00
7.070000e+02,1.939480e+00,1.800000e+02,-1.939480e+00,0.000000e+00
7.080000e+02,6.019643e+00,1.800000e+02,-6.019643e+00,0.000000e+00
7.090000e+02,1.024420e+01,1.299575e+02,-6.579025e+00,7.852396e+00
7.100000e+02,1.024420e+01,-1.299575e+02,-6.579025e+00,-7.852396e+00
7.110000e+02,1.063004e-01,1.800000e+02,-1.063004e-01,0.000000e+00
7.120000e+02,1.867245e-01,1.800000e+02,-1.867245e-01,0.000000e+00
7.130000e+02,1.135686e+00,1.190293e+02,-5.511001e-01,9.930112e-01
7.140000e+02,1.135686e+00,-1.190293e+02,-5.511001e-01,-9.930112e-01
7.150000e+02,9.502824e-01,1.800000e+02,-9.502824e-01,0.000000e+00
7.160000e+02,1.446252e+00,1.800000e+02,-1.446252e+00,0.000000e+00
7.170000e+02,1.939478e+00,1.800000e+02,-1.939478e+00,0.000000e+00
7.180000e+02,5.866398e+00,1.800000e+02,-5.866398e+00,0.000000e+00
7.190000e+02,1.039981e+01,1.293992e+02,-6.600966e+00,8.036374e+00
7.200000e+02,1.039981e+01,-1.293992e+02,-6.600966e+00,-8.036374e+00
7.210000e+02,1.064017e-01,1.800000e+02,-1.064017e-01,0.000000e+00
7.220000e+02,1.866817e-01,1.800000e+02,-1.866817e-01,0.000000e+00
7.230000e+02,1.129645e+00,1.191391e+02,-5.500606e-01,9.866773e-01
7.240000e+02,1.129645e+00,-1.191391e+02,-5.500606e-01,-9.866773e-01
7.250000e+02,9.502821e-01,1.800000e+02,-9.502821e-01,0.000000e+00
7.260000e+02,1.447029e+00,1.800000e+02,-1.447029e+00,0.000000e+00
7.270000e+02,1.939475e+00,1.800000e+02,-1.939475e+00,0.000000e+00
7.280000e+02,5.729459e+00,1.800000e+02,-5.729459e+00,0.000000e+00
7.290000e+02,1.054916e+01,1.288528e+02,-6.617710e+00,8.215267e+00
7.300000e+02,1.054916e+01,-1.288528e+02,-6.617710e+00,-8.215267e+00
7.310000e+02,1.065035e-01,1.800000e+02,-1.065035e-01,0.000000e+00
7.320000e+02,1.866386e-01,1.800000e+02,-1.866386e-01,0.000000e+00
7.330000e+02,1.123695e+00,1.192493e+02,-5.490493e-01,9.804264e-01
7.340000e+02,1.123695e+00,-1.192493e+02,-5.490493e-01,-9.804264e-01
7.350000e+02,9.502818e-01,1.800000e+02,-9.502818e-01,0.000000e+00
7.360000e+02,1.447805e+00,1.800000e+02,-1.447805e+00,0.000000e+00
7.370000e+02,1.939473e+00,1.800000e+02,-1.939473e+00,0.000000e+00
7.380000e+02,5.606040e+00,1.800000e+02,-5.606040e+00,0.000000e+00
7.390000e+02,1.069288e+01,1.283190e+02,-6.630000e+00,8.389323e+00
7.400000e+02,1.069288e+01,-1.283190e+02,-6.630000e+00,-8.389323e+00
7.410000e+02,1.066056e-01,1.800000e+02,-1.066056e-01,0.000000e+00
7.420000e+02,1.865952e-01,1.800000e+02,-1.865952e-01,0.000000e+00
7.430000e+02,1.117833e+00,1.193598e+02,-5.480651e-01,9.742565e-01
7.440000e+02,1.117833e+00,-1.193598e+02,-5.480651e-01,-9.742565e-01
7.450000e+02,9.502815e-01,1.800000e+02,-9.502815e-01,0.000000e+00
7.460000e+02,1.448579e+00,1.800000e+02,-1.448579e+00,0.000000e+00
7.470000e+02,1.939471e+00,1.800000e+02,-1.939471e+00,0.000000e+00
7.480000e+02,5.494000e+00,1.800000e+02,-5.494000e+00,0.000000e+00
7.490000e+02,1.083153e+01,1.277982e+02,-6.638444e+00,8.558799e+00
7.500000e+02,1.083153e+01,-1.277982e+02,-6.638444e+00,-8.558799e+00
7.510000e+02,1.067082e-01,1.800000e+02,-1.067082e-01,0.000000e+00
7.520000e+02,1.865515e-01,1.800000e+02,-1.865515e-01,0.000000e+00
7.530000e+02,1.112057e+00,1.194706e+02,-5.471068e-01,9.681655e-01
7.540000e+02,1.112057e+00,-1.194706e+02,-5.471068e-01,-9.681655e-01
7.550000e+02,9.502812e-01,1.800000e+02,-9.502812e-01,0.000000e+00
7.560000e+02,1.449352e+00,1.800000e+02,-1.449352e+00,0.000000e+00
7.570000e+02,1.939469e+00,1.800000e+02,-1.939469e+00,0.000000e+00
7.580000e+02,5.391654e+00,1.800000e+02,-5.391654e+00,0.000000e+00
7.590000e+02,1.096558e+01,1.272903e+02,-6.643543e+00,8.723949e+00
7.600000e+02,1.096558e+01,-1.272903e+02,-6.643543e+00,-8.723949e+00
7.610000e+02,1.068112e-01,1.800000e+02,-1.068112e-01,0.000000e+00
7.620000e+02,1.865075e-01,1.800000e+02,-1.865075e-01,0.000000e+00
7.630000e+02,1.106364e+00,1.195818e+02,-5.461734e-01,9.621515e-01
7.640000e+02,1.106364e+00,-1.195818e+02,-5.461734e-01,-9.621515e-01
7.650000e+02,9.502809e-01,1.800000e+02,-9.502809e-01,0.000000e+00
7.660000e+02,1.450123e+00,1.800000e+02,-1.450123e+00,0.000000e+00
7.670000e+02,1.939467e+00,1.800000e+02,-1.939467e+00,0.000000e+00
7.680000e+02,5.297653e+00,1.800000e+02,-5.297653e+00,0.000000e+00
7.690000e+02,1.109545e+01,1.267954e+02,-6.645716e+00,8.885013e+00
7.700000e+02,1.109545e+01,-1.267954e+02,-6.645716e+00,-8.885013e+00
7.710000e+02,1.069147e-01,1.800000e+02,-1.069147e-01,0.000000e+00
7.720000e+02,1.864632e-01,1.800000e+02,-1.864632e-01,0.000000e+00
7.730000e+02,1.100752e+00,1.196932e+02,-5.452639e-01,9.562124e-01
7.740000e+02,1.100752e+00,-1.196932e+02,-5.452639e-01,-9.562124e-01
7.750000e+02,9.502806e-01,1.800000e+02,-9.502806e-01,0.000000e+00
7.760000e+02,1.450893e+00,1.800000e+02,-1.450893e+00,0.000000e+00
7.770000e+02,1.939465e+00,1.800000e+02,-1.939465e+00,0.000000e+00
7.780000e+02,5.210902e+00,1.800000e+02,-5.210902e+00,0.000000e+00
7.790000e+02,1.122149e+01,1.263129e+02,-6.645310e+00,9.042221e+00
7.800000e+02,1.122149e+01,-1.263129e+02,-6.645310e+00,-9.042221e+00
7.810000e+02,1.070185e-01,1.800000e+02,-1.070185e-01,0.000000e+00
7.820000e+02,1.864186e-01,1.800000e+02,-1.864186e-01,0.000000e+00
7.830000e+02,1.095219e+00,1.198049e+02,-5.443774e-01,9.503465e-01
7.840000e+02,1.095219e+00,-1.198049e+02,-5.443774e-01,-9.503465e-01
7.850000e+02,9.502804e-01,1.800000e+02,-9.502804e-01,0.000000e+00
7.860000e+02,1.451661e+00,1.800000e+02,-1.451661e+00,0.000000e+00
7.870000e+02,1.939463e+00,1.800000e+02,-1.939463e+00,0.000000e+00
7.880000e+02,5.130500e+00,1.800000e+02,-5.130500e+00,0.000000e+00
7.890000e+02,1.134402e+01,1.258427e+02,-6.642622e+00,9.195785e+00
7.900000e+02,1.134402e+01,-1.258427e+02,-6.642622e+00,-9.195785e+00
7.910000e+02,1.071228e-01,1.800000e+02,-1.071228e-01,0.000000e+00
7.920000e+02,1.863737e-01,1.800000e+02,-1.863737e-01,0.000000e+00
7.930000e+02,1.089764e+00,1.199169e+02,-5.435130e-01,9.445520e-01
7.940000e+02,1.089764e+00,-1.199169e+02,-5.435130e-01,-9.445520e-01
7.950000e+02,9.502801e-01,1.800000e+02,-9.502801e-01,0.000000e+00
7.960000e+02,1.452428e+00,1.800000e+02,-1.452428e+00,0.000000e+00
7.970000e+02,1.939461e+00,1.800000e+02,-1.939461e+00,0.000000e+00
7.980000e+02,5.055697e+00,1.800000e+02,-5.055697e+00,0.000000e+00
7.990000e+02,1.146332e+01,1.253842e+02,-6.637902e+00,9.345902e+00
8.000000e+02,1.146332e+01,-1.253842e+02,-6.637902e+00,-9.345902e+00
8.010000e+02,1.072276e-01,1.800000e+02,-1.072276e-01,0.000000e+00
8.020000e+02,1.863285e-01,1.800000e+02,-1.863285e-01,0.000000e+00
8.030000e+02,1.084383e+00,1.200292e+02,-5.426697e-01,9.388272e-01
8.040000e+02,1.084383e+00,-1.200292e+02,-5.426697e-01,-9.388272e-01
8.050000e+02,9.502798e-01,1.800000e+02,-9.502798e-01,0.000000e+00
8.060000e+02,1.453194e+00,1.800000e+02,-1.453194e+00,0.000000e+00
8.070000e+02,1.939459e+00,1.800000e+02,-1.939459e+00,0.000000e+00
8.080000e+02,4.985864e+00,1.800000e+02,-4.985864e+00,0.000000e+00
8.090000e+02,1.157961e+01,1.249370e+02,-6.631366e+00,9.492755e+00
8.100000e+02,1.157961e+01,-1.249370e+02,-6.631366e+00,-9.492755e+00
8.110000e+02,1.073328e-01,1.800000e+02,-1.073328e-01,0.000000e+00
8.120000e+02,1.862830e-01,1.800000e+02,-1.862830e-01,0.000000e+00
8.130000e+02,1.079076e+00,1.201417e+02,-5.418469e-01,9.331704e-01
8.140000e+02,1.079076e+00,-1.201417e+02,-5.418469e-01,-9.331704e-01
8.150000e+02,9.502795e-01,1.800000e+02,-9.502795e-01,0.000000e+00
8.160000e+02,1.453958e+00,1.800000e+02,-1.453958e+00,0.000000e+00
8.170000e+02,1.939457e+00,1.800000e+02,-1.939457e+00,0.000000e+00
8.180000e+02,4.920467e+00,1.800000e+02,-4.920467e+00,0.000000e+00
8.190000e+02,1.169312e+01,1.245008e+02,-6.623200e+00,9.636513e+00
8.200000e+02,1.169312e+01,-1.245008e+02,-6.623200e+00,-9.636513e+00
8.210000e+02,1.074384e-01,1.800000e+02,-1.074384e-01,0.000000e+00
8.220000e+02,1.862371e-01,1.800000e+02,-1.862371e-01,0.000000e+00
8.230000e+02,1.073840e+00,1.202544e+02,-5.410437e-01,9.275801e-01
8.240000e+02,1.073840e+00,-1.202544e+02,-5.410437e-01,-9.275801e-01
8.250000e+02,9.502792e-01,1.800000e+02,-9.502792e-01,0.000000e+00
8.260000e+02,1.454721e+00,1.800000e+02,-1.454721e+00,0.000000e+00
8.270000e+02,1.939455e+00,1.800000e+02,-1.939455e+00,0.000000e+00
8.280000e+02,4.859050e+00,1.800000e+02,-4.859050e+00,0.000000e+00
8.290000e+02,1.180404e+01,1.240751e+02,-6.613564e+00,9.777332e+00
8.300000e+02,1.180404e+01,-1.240751e+02,-6.613564e+00,-9.777332e+00
8.310000e+02,1.075445e-01,1.800000e+02,-1.075445e-01,0.000000e+00
8.320000e+02,1.861910e-01,1.800000e+02,-1.861910e-01,0.000000e+00
8.330000e+02,1.068674e+00,1.203673e+02,-5.402595e-01,9.220546e-01
8.340000e+02,1.068674e+00,-1.203673e+02,-5.402595e-01,-9.220546e-01
8.350000e+02,9.502789e-01,1.800000e+02,-9.502789e-01,0.000000e+00
8.360000e+02,1.455482e+00,1.800000e+02,-1.455482e+00,0.000000e+00
8.370000e+02,1.939452e+00,1.800000e+02,-1.939452e+00,0.000000e+00
8.380000e+02,4.801221e+00,1.800000e+02,-4.801221e+00,0.000000e+00
8.390000e+02,1.191254e+01,1.236595e+02,-6.602599e+00,9.915355e+00
8.400000e+02,1.191254e+01,-1.236595e+02,-6.602599e+00,-9.915355e+00
8.410000e+02,1.076511e-01,1.800000e+02,-1.076511e-01,0.000000e+00
8.420000e+02,1.861445e-01,1.800000e+02,-1.861445e-01,0.000000e+00
8.430000e+02,1.063577e+00,1.204805e+02,-5.394934e-01,9.165926e-01
8.440000e+02,1.063577e+00,-1.204805e+02,-5.394934e-01,-9.165926e-01
8.450000e+02,9.502786e-01,1.800000e+02,-9.502786e-01,0.000000e+00
8.460000e+02,1.456242e+00,1.800000e+02,-1.456242e+00,0.000000e+00
8.470000e+02,1.939450e+00,1.800000e+02,-1.939450e+00,0.000000e+00
8.480000e+02,4.746640e+00,1.800000e+02,-4.746640e+00,0.000000e+00
8.490000e+02,1.201876e+01,1.232535e+02,-6.590429e+00,1.005072e+01
8.500000e+02,1.201876e+01,-1.232535e+02,-6.590429e+00,-1.005072e+01
8.510000e+02,1.077581e-01,1.800000e+02,-1.077581e-01,0.000000e+00
8.520000e+02,1.860977e-01,1.800000e+02,-1.860977e-01,0.000000e+00
8.530000e+02,1.058545e+00,1.205938e+02,-5.387449e-01,9.111924e-01
8.540000e+02,1.058545e+00,-1.205938e+02,-5.387449e-01,-9.111924e-01
8.550000e+02,9.502783e-01,1.800000e+02,-9.502783e-01,0.000000e+00
8.560000e+02,1.457000e+00,1.800000e+02,-1.457000e+00,0.000000e+00
8.570000e+02,1.939448e+00,1.800000e+02,-1.939448e+00,0.000000e+00
8.580000e+02,4.695011e+00,1.800000e+02,-4.695011e+00,0.000000e+00
8.590000e+02,1.212285e+01,1.228569e+02,-6.577161e+00,1.018354e+01
8.600000e+02,1.212285e+01,-1.228569e+02,-6.577161e+00,-1.018354e+01
8.610000e+02,1.078656e-01,1.800000e+02,-1.078656e-01,0.000000e+00
8.620000e+02,1.860506e-01,1.800000e+02,-1.860506e-01,0.000000e+00
8.630000e+02,1.053579e+00,1.207073e+02,-5.380133e-01,9.058529e-01
8.640000e+02,1.053579e+00,-1.207073e+02,-5.380133e-01,-9.058529e-01
8.650000e+02,9.502780e-01,1.800000e+02,-9.502780e-01,0.000000e+00
8.660000e+02,1.457757e+00,1.800000e+02,-1.457757e+00,0.000000e+00
8.670000e+02,1.939446e+00,1.800000e+02,-1.939446e+00,0.000000e+00
8.680000e+02,4.646077e+00,1.800000e+02,-4.646077e+00,0.000000e+00
8.690000e+02,1.222493e+01,1.224691e+02,-6.562892e+00,1.031394e+01
8.700000e+02,1.222493e+01,-1.224691e+02,-6.562892e+00,-1.031394e+01
8.710000e+02,1.079736e-01,1.800000e+02,-1.079736e-01,0.000000e+00
8.720000e+02,1.860032e-01,1.800000e+02,-1.860032e-01,0.000000e+00
8.730000e+02,1.048675e+00,1.208211e+02,-5.372979e-01,9.005725e-01
8.740000e+02,1.048675e+00,-1.208211e+02,-5.372979e-01,-9.005725e-01
8.750000e+02,9.502778e-01,1.800000e+02,-9.502778e-01,0.000000e+00
8.760000e+02,1.458512e+00,1.800000e+02,-1.458512e+00,0.000000e+00
8.770000e+02,1.939444e+00,1.800000e+02,-1.939444e+00,0.000000e+00
8.780000e+02,4.599608e+00,1.800000e+02,-4.599608e+00,0.000000e+00
8.790000e+02,1.232511e+01,1.220899e+02,-6.547708e+00,1.044202e+01
8.800000e+02,1.232511e+01,-1.220899e+02,-6.547708e+00,-1.044202e+01
8.810000e+02,1.080820e-01,1.800000e+02,-1.080820e-01,0.000000e+00
8.820000e+02,1.859554e-01,1.800000e+02,-1.859554e-01,0.000000e+00
8.830000e+02,1.043834e+00,1.209350e+02,-5.365983e-01,8.953501e-01
8.840000e+02,1.043834e+00,-1.209350e+02,-5.365983e-01,-8.953501e-01
8.850000e+02,9.502775e-01,1.800000e+02,-9.502775e-01,0.000000e+00
8.860000e+02,1.459266e+00,1.800000e+02,-1.459266e+00,0.000000e+00
8.870000e+02,1.939442e+00,1.800000e+02,-1.939442e+00,0.000000e+00
8.880000e+02,4.555403e+00,1.800000e+02,-4.555403e+00,0.000000e+00
8.890000e+02,1.242349e+01,1.217189e+02,-6.531686e+00,1.056788e+01
8.900000e+02,1.242349e+01,-1.217189e+02,-6.531686e+00,-1.056788e+01
8.910000e+02,1.081909e-01,1.800000e+02,-1.081909e-01,0.000000e+00
8.920000e+02,1.859072e-01,1.800000e+02,-1.859072e-01,0.000000e+00
8.930000e+02,1.039053e+00,1.210490e+02,-5.359139e-01,8.901842e-01
8.940000e+02,1.039053e+00,-1.210490e+02,-5.359139e-01,-8.901842e-01
8.950000e+02,9.502772e-01,1.800000e+02,-9.502772e-01,0.000000e+00
8.960000e+02,1.460018e+00,1.800000e+02,-1.460018e+00,0.000000e+00
8.970000e+02,1.939440e+00,1.800000e+02,-1.939440e+00,0.000000e+00
8.980000e+02,4.513284e+00,1.800000e+02,-4.513284e+00,0.000000e+00
8.990000e+02,1.252016e+01,1.213559e+02,-6.514893e+00,1.069162e+01
9.000000e+02,1.252016e+01,-1.213559e+02,-6.514893e+00,-1.069162e+01
9.010000e+02,1.083003e-01,1.800000e+02,-1.083003e-01,0.000000e+00
9.020000e+02,1.858588e-01,1.800000e+02,-1.858588e-01,0.000000e+00
9.030000e+02,1.034332e+00,1.211632e+02,-5.352441e-01,8.850738e-01
9.040000e+02,1.034332e+00,-1.211632e+02,-5.352441e-01,-8.850738e-01
9.050000e+02,9.502769e-01,1.800000e+02,-9.502769e-01,0.000000e+00
9.060000e+02,1.460769e+00,1.800000e+02,-1.460769e+00,0.000000e+00
9.070000e+02,1.939438e+00,1.800000e+02,-1.939438e+00,0.000000e+00
9.080000e+02,4.473090e+00,1.800000e+02,-4.473090e+00,0.000000e+00
9.090000e+02,1.261522e+01,1.210004e+02,-6.497391e+00,1.081331e+01
9.100000e+02,1.261522e+01,-1.210004e+02,-6.497391e+00,-1.081331e+01
9.110000e+02,1.084102e-01,1.800000e+02,-1.084102e-01,0.000000e+00
9.120000e+02,1.858100e-01,1.800000e+02,-1.858100e-01,0.000000e+00
9.130000e+02,1.029668e+00,1.212776e+02,-5.345885e-01,8.800175e-01
9.140000e+02,1.029668e+00,-1.212776e+02,-5.345885e-01,-8.800175e-01
9.150000e+02,9.502766e-01,1.800000e+02,-9.502766e-01,0.000000e+00
9.160000e+02,1.461518e+00,1.800000e+02,-1.461518e+00,0.000000e+00
9.170000e+02,1.939436e+00,1.800000e+02,-1.939436e+00,0.000000e+00
9.180000e+02,4.434679e+00,1.800000e+02,-4.434679e+00,0.000000e+00
9.190000e+02,1.270873e+01,1.206522e+02,-6.479237e+00,1.093304e+01
9.200000e+02,1.270873e+01,-1.206522e+02,-6.479237e+00,-1.093304e+01
9.210000e+02,1.085206e-01,1.800000e+02,-1.085206e-01,0.000000e+00
9.220000e+02,1.857608e-01,1.800000e+02,-1.857608e-01,0.000000e+00
9.230000e+02,1.025060e+00,1.213921e+02,-5.339464e-01,8.750143e-01
9.240000e+02,1.025060e+00,-1.213921e+02,-5.339464e-01,-8.750143e-01
9.250000e+02,9.502763e-01,1.800000e+02,-9.502763e-01,0.000000e+00
9.260000e+02,1.462266e+00,1.800000e+02,-1.462266e+00,0.000000e+00
9.270000e+02,1.939434e+00,1.800000e+02,-1.939434e+00,0.000000e+00
9.280000e+02,4.397922e+00,1.800000e+02,-4.397922e+00,0.000000e+00
9.290000e+02,1.280078e+01,1.203111e+02,-6.460480e+00,1.105089e+01
9.300000e+02,1.280078e+01,-1.203111e+02,-6.460480e+00,-1.105089e+01
9.310000e+02,1.086314e-01,1.800000e+02,-1.086314e-01,0.000000e+00
9.320000e+02,1.857113e-01,1.800000e+02,-1.857113e-01,0.000000e+00
9.330000e+02,1.020508e+00,1.215068e+02,-5.333176e-01,8.700631e-01
9.340000e+02,1.020508e+00,-1.215068e+02,-5.333176e-01,-8.700631e-01
9.350000e+02,9.502760e-01,1.800000e+02,-9.502760e-01,0.000000e+00
9.360000e+02,1.463012e+00,1.800000e+02,-1.463012e+00,0.000000e+00
9.370000e+02,1.939431e+00,1.800000e+02,-1.939431e+00,0.000000e+00
9.380000e+02,4.362704e+00,1.800000e+02,-4.362704e+00,0.000000e+00
9.390000e+02,1.289142e+01,1.199767e+02,-6.441167e+00,1.116692e+01
9.400000e+02,1.289142e+01,-1.199767e+02,-6.441167e+00,-1.116692e+01
9.410000e+02,1.087428e-01,1.800000e+02,-1.087428e-01,0.000000e+00
9.420000e+02,1.856614e-01,1.800000e+02,-1.856614e-01,0.000000e+00
9.430000e+02,1.016010e+00,1.216216e+02,-5.327015e-01,8.651626e-01
9.440000e+02,1.016010e+00,-1.216216e+02,-5.327015e-01,-8.651626e-01
9.450000e+02,9.502757e-01,1.800000e+02,-9.502757e-01,0.000000e+00
9.460000e+02,1.463756e+00,1.800000e+02,-1.463756e+00,0.000000e+00
9.470000e+02,1.939429e+00,1.800000e+02,-1.939429e+00,0.000000e+00
9.480000e+02,4.328920e+00,1.800000e+02,-4.328920e+00,0.000000e+00
9.490000e+02,1.298072e+01,1.196488e+02,-6.421338e+00,1.128121e+01
9.500000e+02,1.298072e+01,-1.196488e+02,-6.421338e+00,-1.128121e+01
9.510000e+02,1.088547e-01,1.800000e+02,-1.088547e-01,0.000000e+00
9.520000e+02,1.856111e-01,1.800000e+02,-1.856111e-01,0.000000e+00
9.530000e+02,1.011565e+00,1.217365e+02,-5.320977e-01,8.603120e-01
9.540000e+02,1.011565e+00,-1.217365e+02,-5.320977e-01,-8.603120e-01
9.550000e+02,9.502754e-01,1.800000e+02,-9.502754e-01,0.000000e+00
9.560000e+02,1.464499e+00,1.800000e+02,-1.464499e+00,0.000000e+00
9.570000e+02,1.939427e+00,1.800000e+02,-1.939427e+00,0.000000e+00
9.580000e+02,4.296476e+00,1.800000e+02,-4.296476e+00,0.000000e+00
9.590000e+02,1.306874e+01,1.193273e+02,-6.401033e+00,1.139380e+01
9.600000e+02,1.306874e+01,-1.193273e+02,-6.401033e+00,-1.139380e+01
9.610000e+02,1.089671e-01,1.800000e+02,-1.089671e-01,0.000000e+00
9.620000e+02,1.855605e-01,1.800000e+02,-1.855605e-01,0.000000e+00
9.630000e+02,1.007172e+00,1.218516e+02,-5.315059e-01,8.555101e-01
9.640000e+02,1.007172e+00,-1.218516e+02,-5.315059e-01,-8.555101e-01
9.650000e+02,9.502751e-01,1.800000e+02,-9.502751e-01,0.000000e+00
9.660000e+02,1.465241e+00,1.800000e+02,-1.465241e+00,0.000000e+00
9.670000e+02,1.939425e+00,1.800000e+02,-1.939425e+00,0.000000e+00
9.680000e+02,4.265285e+00,1.800000e+02,-4.265285e+00,0.000000e+00
9.690000e+02,1.315552e+01,1.190118e+02,-6.380286e+00,1.150477e+01
9.700000e+02,1.315552e+01,-1.190118e+02,-6.380286e+00,-1.150477e+01
9.710000e+02,1.090800e-01,1.800000e+02,-1.090800e-01,0.000000e+00
9.720000e+02,1.855096e-01,1.800000e+02,-1.855096e-01,0.000000e+00
9.730000e+02,1.002830e+00,1.219668e+02,-5.309255e-01,8.507559e-01
9.740000e+02,1.002830e+00,-1.219668e+02,-5.309255e-01,-8.507559e-01
9.750000e+02,9.502748e-01,1.800000e+02,-9.502748e-01,0.000000e+00
9.760000e+02,1.465981e+00,1.800000e+02,-1.465981e+00,0.000000e+00
9.770000e+02,1.939423e+00,1.800000e+02,-1.939423e+00,0.000000e+00
9.780000e+02,4.235268e+00,1.800000e+02,-4.235268e+00,0.000000e+00
9.790000e+02,1.324113e+01,1.187021e+02,-6.359129e+00,1.161417e+01
9.800000e+02,1.324113e+01,-1.187021e+02,-6.359129e+00,-1.161417e+01
9.810000e+02,1.091934e-01,1.800000e+02,-1.091934e-01,0.000000e+00
9.820000e+02,1.854582e-01,1.800000e+02,-1.854582e-01,0.000000e+00
9.830000e+02,9.985370e-01,1.220821e+02,-5.303563e-01,8.460486e-01
9.840000e+02,9.985370e-01,-1.220821e+02,-5.303563e-01,-8.460486e-01
9.850000e+02,9.502745e-01,1.800000e+02,-9.502745e-01,0.000000e+00
9.860000e+02,1.466719e+00,1.800000e+02,-1.466719e+00,0.000000e+00
9.870000e+02,1.939421e+00,1.800000e+02,-1.939421e+00,0.000000e+00
9.880000e+02,4.206354e+00,1.800000e+02,-4.206354e+00,0.000000e+00
9.890000e+02,1.332559e+01,1.183981e+02,-6.337591e+00,1.172204e+01
9.900000e+02,1.332559e+01,-1.183981e+02,-6.337591e+00,-1.172204e+01
9.910000e+02,1.093073e-01,1.800000e+02,-1.093073e-01,0.000000e+00
9.920000e+02,1.854065e-01,1.800000e+02,-1.854065e-01,0.000000e+00
9.930000e+02,9.942928e-01,1.221975e+02,-5.297979e-01,8.413872e-01
9.940000e+02,9.942928e-01,-1.221975e+02,-5.297979e-01,-8.413872e-01
9.950000e+02,9.502742e-01,1.800000e+02,-9.502742e-01,0.000000e+00
9.960000e+02,1.467456e+00,1.800000e+02,-1.467456e+00,0.000000e+00
9.970000e+02,1.939419e+00,1.800000e+02,-1.939419e+00,0.000000e+00
9.980000e+02,4.178477e+00,1.800000e+02,-4.178477e+00,0.000000e+00
9.990000e+02,1.340896e+01,1.180996e+02,-6.315700e+00,1.182845e+01
1.000000e+03,1.340896e+01,-1.180996e+02,-6.315700e+00,-1.182845e+01
1.001000e+03,1.094218e-01,1.800000e+02,-1.094218e-01,0.000000e+00
1.002000e+03,1.853543e-01,1.800000e+02,-1.853543e-01,0.000000e+00
1.003000e+03,9.900963e-01,1.223130e+02,-5.292499e-01,8.367706e-01
1.004000e+03,9.900963e-01,-1.223130e+02,-5.292499e-01,-8.367706e-01
1.005000e+03,9.502740e-01,1.800000e+02,-9.502740e-01,0.000000e+00
1.006000e+03,1.468191e+00,1.800000e+02,-1.468191e+00,0.000000e+00
1.007000e+03,1.939417e+00,1.800000e+02,-1.939417e+00,0.000000e+00
1.008000e+03,4.151577e+00,1.800000e+02,-4.151577e+00,0.000000e+00
1.009000e+03,1.349128e+01,1.178064e+02,-6.293481e+00,1.193343e+01
1.010000e+03,1.349128e+01,-1.178064e+02,-6.293481e+00,-1.193343e+01
